Kategorie,Jobtitel
Produktion & Industrie,Produktionshelfer
Produktion & Industrie,Maschinenbediener
Produktion & Industrie,Anlagenführer
Produktion & Industrie,Montagemitarbeiter
Produktion & Industrie,Verpacker
Produktion & Industrie,Kommissionierer
Produktion & Industrie,Sortierer
Produktion & Industrie,Qualitätsprüfer
Produktion & Industrie,Industriemechaniker
Produktion & Industrie,Mechatroniker
Produktion & Industrie,Elektroniker
Produktion & Industrie,Zerspanungsmechaniker
Produktion & Industrie,CNC-Dreher
Produktion & Industrie,CNC-Fräser
Produktion & Industrie,Metallbauer
Produktion & Industrie,Schlosser
Produktion & Industrie,Schweißer
Produktion & Industrie,Konstruktionsmechaniker
Produktion & Industrie,Werkzeugmechaniker
Produktion & Industrie,Feinwerkmechaniker
Produktion & Industrie,Maschinen- und Anlagenführer
Produktion & Industrie,Betriebselektriker
Produktion & Industrie,Elektriker Betriebstechnik
Produktion & Industrie,Instandhalter
Produktion & Industrie,Anlagenmechaniker
Produktion & Industrie,Industriereiniger
Produktion & Industrie,Galvaniseur
Produktion & Industrie,Gabelstaplerfahrer
Produktion & Industrie,Produktionsmitarbeiter Lebensmittel
Produktion & Industrie,Produktionsmitarbeiter Kunststoff
Logistik & Lager,Lagermitarbeiter
Logistik & Lager,Lagerhelfer
Logistik & Lager,Kommissionierer
Logistik & Lager,Versandmitarbeiter
Logistik & Lager,Wareneingangsprüfer
Logistik & Lager,Verlader
Logistik & Lager,Staplerfahrer
Logistik & Lager,Fachlagerist
Logistik & Lager,Fachkraft für Lagerlogistik
Logistik & Lager,Logistikmitarbeiter
Logistik & Lager,Disponent Logistik
Logistik & Lager,Verpacker
Logistik & Lager,Sortiermitarbeiter
Logistik & Lager,Retourenmitarbeiter
Logistik & Lager,Transportmitarbeiter
Logistik & Lager,Lager- und Transportarbeiter
Logistik & Lager,Mitarbeiter Warenausgang
Logistik & Lager,Be- und Entlader
Logistik & Lager,Supply Chain Assistant
Logistik & Lager,Lagerdisponent
Handwerk & Bau,Elektriker
Handwerk & Bau,Anlagenmechaniker SHK
Handwerk & Bau,Heizungsmonteur
Handwerk & Bau,Installateur
Handwerk & Bau,Tischler
Handwerk & Bau,Maler und Lackierer
Handwerk & Bau,Trockenbauer
Handwerk & Bau,Maurer
Handwerk & Bau,Bauhelfer
Handwerk & Bau,Fliesenleger
Handwerk & Bau,Dachdecker
Handwerk & Bau,Gerüstbauer
Handwerk & Bau,Metallbauer
Handwerk & Bau,Schreiner
Handwerk & Bau,KFZ-Mechatroniker
Handwerk & Bau,KFZ-Mechaniker
Handwerk & Bau,Karosseriebauer
Handwerk & Bau,Lackierer
Handwerk & Bau,Hausmeister
Handwerk & Bau,Facility-Techniker
Transport & Fahrer,Berufskraftfahrer
Transport & Fahrer,Lkw-Fahrer CE
Transport & Fahrer,Lkw-Fahrer C1E
Transport & Fahrer,Auslieferungsfahrer
Transport & Fahrer,Kurierfahrer
Transport & Fahrer,Staplerfahrer
Transport & Fahrer,Rangierfahrer
Transport & Fahrer,Fahrer Klasse B
Transport & Fahrer,Busfahrer
Transport & Fahrer,Kraftfahrer Nahverkehr
Hilfskräfte & Sonstiges,Hilfsarbeiter
Hilfskräfte & Sonstiges,Produktionshelfer
Hilfskräfte & Sonstiges,Lagerhelfer
Hilfskräfte & Sonstiges,Reinigungsmitarbeiter
Hilfskräfte & Sonstiges,Hauswirtschaftskraft
Hilfskräfte & Sonstiges,Verpackungshelfer
Hilfskräfte & Sonstiges,Produktionsaushilfe
Hilfskräfte & Sonstiges,Mitarbeiter Müllentsorgung
Hilfskräfte & Sonstiges,Müllwerker
Hilfskräfte & Sonstiges,Sortierkraft
Hilfskräfte & Sonstiges,Pförtner
Hilfskräfte & Sonstiges,Hausmeister
Hilfskräfte & Sonstiges,Aushilfe allgemein
Hilfskräfte & Sonstiges,Produktionsmitarbeiter
Hilfskräfte & Sonstiges,Montagehelfer
"Büro, Verwaltung & Kundenservice",Bürokaufmann
"Büro, Verwaltung & Kundenservice",Industriekaufmann
"Büro, Verwaltung & Kundenservice",Sachbearbeiter
"Büro, Verwaltung & Kundenservice",Assistenz
"Büro, Verwaltung & Kundenservice",Empfangsmitarbeiter
"Büro, Verwaltung & Kundenservice",Kaufmännischer Mitarbeiter
"Büro, Verwaltung & Kundenservice",Vertriebsassistenz
"Büro, Verwaltung & Kundenservice",Telefonist
"Büro, Verwaltung & Kundenservice",Callcenter-Agent
"Büro, Verwaltung & Kundenservice",Kundenberater
"Büro, Verwaltung & Kundenservice",Datenerfasser
"Büro, Verwaltung & Kundenservice",Buchhalter
"Büro, Verwaltung & Kundenservice",Lohn- und Gehaltsbuchhalter
"Büro, Verwaltung & Kundenservice",Personaldisponent
"Büro, Verwaltung & Kundenservice",Recruiter
"Büro, Verwaltung & Kundenservice",Disponent
"Büro, Verwaltung & Kundenservice",Teamassistenz
"Büro, Verwaltung & Kundenservice",Projektassistenz
"Medizin, Pflege & Soziales",Pflegehelfer
"Medizin, Pflege & Soziales",Altenpfleger
"Medizin, Pflege & Soziales",Gesundheits- und Krankenpfleger
"Medizin, Pflege & Soziales",Medizinische Fachangestellte
"Medizin, Pflege & Soziales",Betreuungskraft
"Medizin, Pflege & Soziales",Erzieher
"Medizin, Pflege & Soziales",Sozialpädagoge
"Medizin, Pflege & Soziales",Pflegeassistent
"Medizin, Pflege & Soziales",Heilerziehungspfleger
"Medizin, Pflege & Soziales",Pflegedienstleitung
"Chemie, Labor & Technik",Chemikant
"Chemie, Labor & Technik",Laborant
"Chemie, Labor & Technik",Pharmawerker
"Chemie, Labor & Technik",Produktionsmitarbeiter Chemie
"Chemie, Labor & Technik",Verfahrensmechaniker
"Chemie, Labor & Technik",Qualitätskontrolleur
"Chemie, Labor & Technik",Techniker
"Chemie, Labor & Technik",Betriebstechniker
